{"cameraMode":{"drawMode":0,"name":"Shaded","section":"Shading Mode"},"sceneLighting":true,"audioPlay":false,"sceneViewState":{"m_AlwaysRefresh":false,"showFog":true,"showSkybox":true,"showFlares":true,"showImageEffects":true,"showParticleSystems":true,"showVisualEffectGraphs":true,"m_FxEnabled":true},"in2DMode":false,"pivot":{"x":49.546173095703128,"y":-7.3055644035339359,"z":14.074302673339844},"rotation":{"x":0.0014443113468587399,"y":0.9939976930618286,"z":-0.10858574509620667,"w":0.013221696950495243},"size":18.98726463317871,"orthographic":false}